name,email
Tori,.@yopmail.com
Fina,.@yopmail.com
Bernie,.@yopmail.com
Doralynne,.@yopmail.com
Bernardine,.@yopmail.com
Rubie,.@yopmail.com
Ninnetta,.@yopmail.com
Ada,.@yopmail.com
Janey,.@yopmail.com
Winny,.@yopmail.com
Maud,.@yopmail.com
Queenie,.@yopmail.com
Tabbatha,.@yopmail.com
Maryellen,.@yopmail.com
Phedra,.@yopmail.com
Mahalia,.@yopmail.com
Phylis,.@yopmail.com
Daune,.@yopmail.com
Daryl,.@yopmail.com
Melina,.@yopmail.com
Britte,.@yopmail.com
Lisette,.@yopmail.com
Caressa,.@yopmail.com
Adele,.@yopmail.com
Daphne,.@yopmail.com
Nollie,.@yopmail.com
Ivett,.@yopmail.com
Melodie,.@yopmail.com
Jillayne,.@yopmail.com
Celisse,.@yopmail.com
Anestassia,.@yopmail.com
Maye,.@yopmail.com
Meghann,.@yopmail.com
Gertrud,.@yopmail.com
Nelle,.@yopmail.com
Candi,.@yopmail.com
Cassondra,.@yopmail.com
Selma,.@yopmail.com
Mathilda,.@yopmail.com
Brana,.@yopmail.com
Daphne,.@yopmail.com
Susan,.@yopmail.com
Raquela,.@yopmail.com
Hallie,.@yopmail.com
Dania,.@yopmail.com
Celene,.@yopmail.com
Annabela,.@yopmail.com
Cissiee,.@yopmail.com
Aigneis,.@yopmail.com
Mamie,.@yopmail.com
Mariele,.@yopmail.com
Gwyneth,.@yopmail.com
Molli,.@yopmail.com
Caressa,.@yopmail.com
Marika,.@yopmail.com
Lacie,.@yopmail.com
Alyssa,.@yopmail.com
Atlanta,.@yopmail.com
Tersina,.@yopmail.com
Dorene,.@yopmail.com
Jean,.@yopmail.com
Goldie,.@yopmail.com
Jacenta,.@yopmail.com
Reeba,.@yopmail.com
Lily,.@yopmail.com
Valera,.@yopmail.com
Stevana,.@yopmail.com
Kara-Lynn,.@yopmail.com
Agnese,.@yopmail.com
Hannis,.@yopmail.com
Deedee,.@yopmail.com
Maisey,.@yopmail.com
Merry,.@yopmail.com
Stephanie,.@yopmail.com
Sissy,.@yopmail.com
Max,.@yopmail.com
Hannis,.@yopmail.com
Althea,.@yopmail.com
Hallie,.@yopmail.com
Mildrid,.@yopmail.com
Marinna,.@yopmail.com
Willetta,.@yopmail.com
Gretal,.@yopmail.com
Katharina,.@yopmail.com
Kayla,.@yopmail.com
Annice,.@yopmail.com
Micheline,.@yopmail.com
Lenna,.@yopmail.com
Johna,.@yopmail.com
Gerrie,.@yopmail.com
Dulcinea,.@yopmail.com
Lelah,.@yopmail.com
Frances,.@yopmail.com
Maye,.@yopmail.com
Corina,.@yopmail.com
Petronia,.@yopmail.com
Tersina,.@yopmail.com
Ketti,.@yopmail.com
Candy,.@yopmail.com
Stevana,.@yopmail.com
Verla,.@yopmail.com
Karolina,.@yopmail.com
Lorie,.@yopmail.com
Millie,.@yopmail.com
Florie,.@yopmail.com
Codie,.@yopmail.com
Lorie,.@yopmail.com
Cathie,.@yopmail.com
Elvira,.@yopmail.com
Gwyneth,.@yopmail.com
Merle,.@yopmail.com
Gertrud,.@yopmail.com
Viviene,.@yopmail.com
Mamie,.@yopmail.com
Lexine,.@yopmail.com
Clementine,.@yopmail.com
Sam,.@yopmail.com
Henriette,.@yopmail.com
Daryl,.@yopmail.com
Brooks,.@yopmail.com
Nerta,.@yopmail.com
Jessy,.@yopmail.com
Elena,.@yopmail.com
Dorthy,.@yopmail.com
Almeta,.@yopmail.com
Kathy,.@yopmail.com
Babita,.@yopmail.com
Carly,.@yopmail.com
Madelle,.@yopmail.com
Orelia,.@yopmail.com
Annora,.@yopmail.com
Celene,.@yopmail.com
Giustina,.@yopmail.com
Norine,.@yopmail.com
Fredericka,.@yopmail.com
Zsa Zsa,.@yopmail.com
Jennica,.@yopmail.com
Sybille,.@yopmail.com
Jaclyn,.@yopmail.com
Tonia,.@yopmail.com
Gianina,.@yopmail.com
Ulrike,.@yopmail.com
Madelle,.@yopmail.com
Annecorinne,.@yopmail.com
Hyacinthe,.@yopmail.com
Celisse,.@yopmail.com
Margette,.@yopmail.com
Marjie,.@yopmail.com
Dari,.@yopmail.com
Wynne,.@yopmail.com
Letizia,.@yopmail.com
Chere,.@yopmail.com
Briney,.@yopmail.com
Gaylene,.@yopmail.com
Veda,.@yopmail.com
Bertine,.@yopmail.com
Beth,.@yopmail.com
Heddie,.@yopmail.com
Ottilie,.@yopmail.com
Laurene,.@yopmail.com
Emma,.@yopmail.com
Kary,.@yopmail.com
Chandra,.@yopmail.com
Clo,.@yopmail.com
Lexine,.@yopmail.com
Alameda,.@yopmail.com
Valera,.@yopmail.com
Allis,.@yopmail.com
Paulita,.@yopmail.com
Sheelagh,.@yopmail.com
Zaria,.@yopmail.com
Florencia,.@yopmail.com
Carmencita,.@yopmail.com
Marjie,.@yopmail.com
Cathie,.@yopmail.com
Angela,.@yopmail.com
Lacie,.@yopmail.com
Karina,.@yopmail.com
Ezmeralda,.@yopmail.com
Camile,.@yopmail.com
Queenie,.@yopmail.com
Laure,.@yopmail.com
Kaja,.@yopmail.com
Moyna,.@yopmail.com
Althea,.@yopmail.com
Leia,.@yopmail.com
Kirstin,.@yopmail.com
Alexine,.@yopmail.com
Celisse,.@yopmail.com
Leia,.@yopmail.com
Jere,.@yopmail.com
Mureil,.@yopmail.com
Sidoney,.@yopmail.com
Althea,.@yopmail.com
Danika,.@yopmail.com
Dagmar,.@yopmail.com
Darci,.@yopmail.com
Gretal,.@yopmail.com
Tami,.@yopmail.com
Delilah,.@yopmail.com
Jere,.@yopmail.com
Mady,.@yopmail.com
Fina,.@yopmail.com
Sheelagh,.@yopmail.com
Tani,.@yopmail.com
Annice,.@yopmail.com
Valeda,.@yopmail.com
Odessa,.@yopmail.com
Larine,.@yopmail.com
Kristan,.@yopmail.com
Farrah,.@yopmail.com
Pollyanna,.@yopmail.com
Kaja,.@yopmail.com
Gilligan,.@yopmail.com
Ira,.@yopmail.com
Kristan,.@yopmail.com
Lita,.@yopmail.com
Verla,.@yopmail.com
Roslyn,.@yopmail.com
Netty,.@yopmail.com
Zaria,.@yopmail.com
Clementine,.@yopmail.com
Marline,.@yopmail.com
Kathy,.@yopmail.com
Veda,.@yopmail.com
Codie,.@yopmail.com
Liana,.@yopmail.com
Jorry,.@yopmail.com
Leanna,.@yopmail.com
Mallory,.@yopmail.com
Paule,.@yopmail.com
Genevra,.@yopmail.com
Marcy,.@yopmail.com
Feliza,.@yopmail.com
Merry,.@yopmail.com
Romona,.@yopmail.com
Danny,.@yopmail.com
Tami,.@yopmail.com
Anthia,.@yopmail.com
Nyssa,.@yopmail.com
Dione,.@yopmail.com
Andree,.@yopmail.com
Clo,.@yopmail.com
Latisha,.@yopmail.com
Annabela,.@yopmail.com
Pollyanna,.@yopmail.com
Myrtice,.@yopmail.com
Deedee,.@yopmail.com
Marylou,.@yopmail.com
Viviene,.@yopmail.com
Genovera,.@yopmail.com
Lonnie,.@yopmail.com
Zondra,.@yopmail.com
Cathie,.@yopmail.com
Alex,.@yopmail.com
Deane,.@yopmail.com
Anallese,.@yopmail.com
Lily,.@yopmail.com
Merry,.@yopmail.com
Brietta,.@yopmail.com
Malina,.@yopmail.com
Lynde,.@yopmail.com
Florie,.@yopmail.com
Rubie,.@yopmail.com
Gratia,.@yopmail.com
Kial,.@yopmail.com
Ardeen,.@yopmail.com
Dianemarie,.@yopmail.com
Paule,.@yopmail.com
Caritta,.@yopmail.com
Candy,.@yopmail.com
Katharina,.@yopmail.com
Fanny,.@yopmail.com
Micheline,.@yopmail.com
Taffy,.@yopmail.com
Clarice,.@yopmail.com
Tamqrah,.@yopmail.com
Elfreda,.@yopmail.com
Tori,.@yopmail.com
Lacie,.@yopmail.com
Luci,.@yopmail.com
Sam,.@yopmail.com
Elyssa,.@yopmail.com
Mureil,.@yopmail.com
Sharlene,.@yopmail.com
Marita,.@yopmail.com
Alejandra,.@yopmail.com
Kimberley,.@yopmail.com
Raf,.@yopmail.com
Libbie,.@yopmail.com
Briney,.@yopmail.com
Maye,.@yopmail.com
Laurene,.@yopmail.com
Heddie,.@yopmail.com
Di,.@yopmail.com
Drucie,.@yopmail.com
Daryl,.@yopmail.com
Tori,.@yopmail.com
Roz,.@yopmail.com
Dede,.@yopmail.com
Tobe,.@yopmail.com
Ottilie,.@yopmail.com
Agathe,.@yopmail.com
Annice,.@yopmail.com
Lila,.@yopmail.com
Lisette,.@yopmail.com
Leanna,.@yopmail.com
Marti,.@yopmail.com
Therine,.@yopmail.com
Steffane,.@yopmail.com
Evita,.@yopmail.com
Darci,.@yopmail.com
Kara-Lynn,.@yopmail.com
Trudie,.@yopmail.com
Libbie,.@yopmail.com
Kara-Lynn,.@yopmail.com
Malina,.@yopmail.com
Cassondra,.@yopmail.com
Aigneis,.@yopmail.com
Amii,.@yopmail.com
Tobe,.@yopmail.com
Angela,.@yopmail.com
Sabina,.@yopmail.com
Viki,.@yopmail.com
Verla,.@yopmail.com
Ardenia,.@yopmail.com
Viki,.@yopmail.com
Etta,.@yopmail.com
Rivalee,.@yopmail.com
Danika,.@yopmail.com
Lindie,.@yopmail.com
Rubie,.@yopmail.com
Elie,.@yopmail.com
Karena,.@yopmail.com
Amalie,.@yopmail.com
Alex,.@yopmail.com
Roxane,.@yopmail.com
Abbie,.@yopmail.com
Shandie,.@yopmail.com
Aurore,.@yopmail.com
Leontine,.@yopmail.com
Genovera,.@yopmail.com
Teriann,.@yopmail.com
Gilligan,.@yopmail.com
Petronia,.@yopmail.com
Lila,.@yopmail.com
Janeczka,.@yopmail.com
Coral,.@yopmail.com
Dyann,.@yopmail.com
Madelle,.@yopmail.com
Rayna,.@yopmail.com
Agathe,.@yopmail.com
Lulita,.@yopmail.com
Rori,.@yopmail.com
Merle,.@yopmail.com
Tori,.@yopmail.com
Paule,.@yopmail.com
Gwenneth,.@yopmail.com
Henriette,.@yopmail.com
Eadie,.@yopmail.com
Phylis,.@yopmail.com
Lorenza,.@yopmail.com
Konstance,.@yopmail.com
Aigneis,.@yopmail.com
Ileana,.@yopmail.com
Ericka,.@yopmail.com
Adele,.@yopmail.com
Meg,.@yopmail.com
Kelly,.@yopmail.com
Jsandye,.@yopmail.com
Margarette,.@yopmail.com
Heddie,.@yopmail.com
Rosanne,.@yopmail.com
Cherilyn,.@yopmail.com
Emilia,.@yopmail.com
Zaria,.@yopmail.com
Sam,.@yopmail.com
Madeleine,.@yopmail.com
Ada,.@yopmail.com
Alisha,.@yopmail.com
Malina,.@yopmail.com
Tani,.@yopmail.com
Caryl,.@yopmail.com
Dominga,.@yopmail.com
Lanna,.@yopmail.com
Feliza,.@yopmail.com
Gale,.@yopmail.com
Antonietta,.@yopmail.com
Brynna,.@yopmail.com
Sabina,.@yopmail.com
Carly,.@yopmail.com
Mady,.@yopmail.com
Glynnis,.@yopmail.com
Annora,.@yopmail.com
Karlee,.@yopmail.com
Pollyanna,.@yopmail.com
Aaren,.@yopmail.com
Paulita,.@yopmail.com
Aaren,.@yopmail.com
Dari,.@yopmail.com
Joleen,.@yopmail.com
Ada,.@yopmail.com
Kaja,.@yopmail.com
Sybille,.@yopmail.com
Alia,.@yopmail.com
Kristan,.@yopmail.com
Jeanna,.@yopmail.com
Debee,.@yopmail.com
Annice,.@yopmail.com
Heida,.@yopmail.com
Sharlene,.@yopmail.com
Averyl,.@yopmail.com
Carol-Jean,.@yopmail.com
Yolane,.@yopmail.com
Brana,.@yopmail.com
Courtnay,.@yopmail.com
Edith,.@yopmail.com
Millie,.@yopmail.com
Diena,.@yopmail.com
Cherilyn,.@yopmail.com
Jacenta,.@yopmail.com
Bee,.@yopmail.com
Brana,.@yopmail.com
Edith,.@yopmail.com
Nicoli,.@yopmail.com
Tierney,.@yopmail.com
Micheline,.@yopmail.com
Robbi,.@yopmail.com
Shandie,.@yopmail.com
Lucille,.@yopmail.com
Mildrid,.@yopmail.com
Danika,.@yopmail.com
Genevra,.@yopmail.com
Karina,.@yopmail.com
Sean,.@yopmail.com
Queenie,.@yopmail.com
Vinita,.@yopmail.com
Kaja,.@yopmail.com
Jean,.@yopmail.com
Heddie,.@yopmail.com
Amelia,.@yopmail.com
Halette,.@yopmail.com
Myrtice,.@yopmail.com
Peri,.@yopmail.com
Britte,.@yopmail.com
Florencia,.@yopmail.com
Ketti,.@yopmail.com
Melanie,.@yopmail.com
Fanchon,.@yopmail.com
Arlena,.@yopmail.com
Deane,.@yopmail.com
Arlena,.@yopmail.com
Emylee,.@yopmail.com
Jobi,.@yopmail.com
Justinn,.@yopmail.com
Tilly,.@yopmail.com
Moyna,.@yopmail.com
Marnia,.@yopmail.com
Nelle,.@yopmail.com
Arlina,.@yopmail.com
Tarra,.@yopmail.com
Hayley,.@yopmail.com
Johna,.@yopmail.com
Andeee,.@yopmail.com
Gianina,.@yopmail.com
Drucie,.@yopmail.com
Averyl,.@yopmail.com
Olwen,.@yopmail.com
Carilyn,.@yopmail.com
Theodora,.@yopmail.com
Lenna,.@yopmail.com
Blinni,.@yopmail.com
Nanete,.@yopmail.com
Jennica,.@yopmail.com
Cissiee,.@yopmail.com
Dulce,.@yopmail.com
Lusa,.@yopmail.com
Daphne,.@yopmail.com
Aaren,.@yopmail.com
Gabi,.@yopmail.com
Gianina,.@yopmail.com
Chastity,.@yopmail.com
Zsa Zsa,.@yopmail.com
Anica,.@yopmail.com
Candi,.@yopmail.com
Melina,.@yopmail.com
Elfreda,.@yopmail.com
Margette,.@yopmail.com
Ninnetta,.@yopmail.com
Ardenia,.@yopmail.com
Annora,.@yopmail.com
Carly,.@yopmail.com
Gretal,.@yopmail.com
Gilligan,.@yopmail.com
Evaleen,.@yopmail.com
Genovera,.@yopmail.com
Clementine,.@yopmail.com
Alexine,.@yopmail.com
Susan,.@yopmail.com
Maridel,.@yopmail.com
Flo,.@yopmail.com
Tonia,.@yopmail.com
Teriann,.@yopmail.com
Corina,.@yopmail.com
Lanna,.@yopmail.com
Viviene,.@yopmail.com
Kerrin,.@yopmail.com
Tracey,.@yopmail.com
Karlee,.@yopmail.com
Laure,.@yopmail.com
Nita,.@yopmail.com
Binny,.@yopmail.com
Margarette,.@yopmail.com
Iseabal,.@yopmail.com
Carmencita,.@yopmail.com
Charmaine,.@yopmail.com
Orsola,.@yopmail.com
Myrtice,.@yopmail.com
Debee,.@yopmail.com
Grier,.@yopmail.com
Kathy,.@yopmail.com
Lenna,.@yopmail.com
Lorne,.@yopmail.com
Carly,.@yopmail.com
Jacquetta,.@yopmail.com
Merrie,.@yopmail.com
Christal,.@yopmail.com
Allis,.@yopmail.com
Adelle,.@yopmail.com
Jsandye,.@yopmail.com
Elbertina,.@yopmail.com
Nickie,.@yopmail.com
Orelia,.@yopmail.com
Cassondra,.@yopmail.com
Orelia,.@yopmail.com
Arabel,.@yopmail.com
Rosene,.@yopmail.com
Carlie,.@yopmail.com
Alexine,.@yopmail.com
Sashenka,.@yopmail.com
Hyacinthe,.@yopmail.com
Carlie,.@yopmail.com
Andeee,.@yopmail.com
Nanete,.@yopmail.com
Eadie,.@yopmail.com
Tomasina,.@yopmail.com
Linet,.@yopmail.com
Dotty,.@yopmail.com
Johna,.@yopmail.com
Shirlee,.@yopmail.com
Estell,.@yopmail.com
Cathyleen,.@yopmail.com
Phylis,.@yopmail.com
Maye,.@yopmail.com
Sybille,.@yopmail.com
Aurore,.@yopmail.com
Layla,.@yopmail.com
Malina,.@yopmail.com
Starla,.@yopmail.com
Stacey,.@yopmail.com
Sarette,.@yopmail.com
Christal,.@yopmail.com
Tami,.@yopmail.com
Etta,.@yopmail.com
Gabi,.@yopmail.com
Sue,.@yopmail.com
Shirlee,.@yopmail.com
Marguerite,.@yopmail.com
Almeta,.@yopmail.com
Justinn,.@yopmail.com
Dione,.@yopmail.com
Merrie,.@yopmail.com
Mariele,.@yopmail.com
Ernesta,.@yopmail.com
Christian,.@yopmail.com
Lulita,.@yopmail.com
Lenna,.@yopmail.com
Andeee,.@yopmail.com
Dacia,.@yopmail.com
Britni,.@yopmail.com
Flo,.@yopmail.com
Tierney,.@yopmail.com
Marcy,.@yopmail.com
Hyacinthe,.@yopmail.com
Grier,.@yopmail.com
Berget,.@yopmail.com
Dennie,.@yopmail.com
Vanessa,.@yopmail.com
Juliane,.@yopmail.com
Ketti,.@yopmail.com
Kore,.@yopmail.com
Deane,.@yopmail.com
Kenna,.@yopmail.com
Nelle,.@yopmail.com
Morganica,.@yopmail.com
Kary,.@yopmail.com
Ninnetta,.@yopmail.com
Wynne,.@yopmail.com
Beverley,.@yopmail.com
Arlena,.@yopmail.com
Shel,.@yopmail.com
Sharlene,.@yopmail.com
Catharine,.@yopmail.com
Dorthy,.@yopmail.com
Kalina,.@yopmail.com
Yolane,.@yopmail.com
Rori,.@yopmail.com
Chloris,.@yopmail.com
Kial,.@yopmail.com
Lelah,.@yopmail.com
June,.@yopmail.com
Vinita,.@yopmail.com
Lucille,.@yopmail.com
Violet,.@yopmail.com
Marline,.@yopmail.com
Asia,.@yopmail.com
Caritta,.@yopmail.com
Consuela,.@yopmail.com
Ottilie,.@yopmail.com
Molli,.@yopmail.com
Pearline,.@yopmail.com
Kial,.@yopmail.com
Tybie,.@yopmail.com
Merle,.@yopmail.com
Wileen,.@yopmail.com
Eolanda,.@yopmail.com
Shaine,.@yopmail.com
Gertrud,.@yopmail.com
Laure,.@yopmail.com
Kenna,.@yopmail.com
Danika,.@yopmail.com
Noelle,.@yopmail.com
Donnie,.@yopmail.com
Jemie,.@yopmail.com
Mellicent,.@yopmail.com
Kristan,.@yopmail.com
Jolyn,.@yopmail.com
Harmonia,.@yopmail.com
Teriann,.@yopmail.com
Margette,.@yopmail.com
Elmira,.@yopmail.com
Evaleen,.@yopmail.com
Meghann,.@yopmail.com
Kathy,.@yopmail.com
Blondelle,.@yopmail.com
Gilligan,.@yopmail.com
Juliane,.@yopmail.com
Felice,.@yopmail.com
Natka,.@yopmail.com
Blake,.@yopmail.com
Margette,.@yopmail.com
Tera,.@yopmail.com
Blondelle,.@yopmail.com
Joane,.@yopmail.com
Alex,.@yopmail.com
Augustine,.@yopmail.com
Glynnis,.@yopmail.com
Fayre,.@yopmail.com
Emelina,.@yopmail.com
Renie,.@yopmail.com
Tera,.@yopmail.com
Danika,.@yopmail.com
Sara-Ann,.@yopmail.com
Jessamyn,.@yopmail.com
Veda,.@yopmail.com
Myriam,.@yopmail.com
Maridel,.@yopmail.com
Elvira,.@yopmail.com
Blake,.@yopmail.com
Meriel,.@yopmail.com
Deedee,.@yopmail.com
Trixi,.@yopmail.com
Pamella,.@yopmail.com
Jenilee,.@yopmail.com
Annaliese,.@yopmail.com
Ethel,.@yopmail.com
Cathie,.@yopmail.com
Daune,.@yopmail.com
Shandie,.@yopmail.com
Maryellen,.@yopmail.com
Marjie,.@yopmail.com
Nananne,.@yopmail.com
Kial,.@yopmail.com
Viviene,.@yopmail.com
Jsandye,.@yopmail.com
Genovera,.@yopmail.com
Dagmar,.@yopmail.com
Viviene,.@yopmail.com
Florie,.@yopmail.com
Celisse,.@yopmail.com
Atlanta,.@yopmail.com
Augustine,.@yopmail.com
Lanae,.@yopmail.com
Mariann,.@yopmail.com
Elmira,.@yopmail.com
Maryellen,.@yopmail.com
Tierney,.@yopmail.com
Joane,.@yopmail.com
Atlanta,.@yopmail.com
Barbi,.@yopmail.com
Gisela,.@yopmail.com
Jeanna,.@yopmail.com
Nonnah,.@yopmail.com
Bernardine,.@yopmail.com
Tierney,.@yopmail.com
Catharine,.@yopmail.com
Jan,.@yopmail.com
Almeta,.@yopmail.com
Glenda,.@yopmail.com
Charmaine,.@yopmail.com
Mildrid,.@yopmail.com
Zia,.@yopmail.com
Fernande,.@yopmail.com
Kathy,.@yopmail.com
Aurelie,.@yopmail.com
Frank,.@yopmail.com
Barbara,.@yopmail.com
Ericka,.@yopmail.com
Yolane,.@yopmail.com
Steffane,.@yopmail.com
Tera,.@yopmail.com
Stephanie,.@yopmail.com
Maridel,.@yopmail.com
Joelly,.@yopmail.com
Linet,.@yopmail.com
Cindelyn,.@yopmail.com
Estell,.@yopmail.com
Camile,.@yopmail.com
Tracey,.@yopmail.com
Kaia,.@yopmail.com
Anallese,.@yopmail.com
Shirlee,.@yopmail.com
Edee,.@yopmail.com
Zsa Zsa,.@yopmail.com
Harmonia,.@yopmail.com
Doralynne,.@yopmail.com
Zaria,.@yopmail.com
Gerrie,.@yopmail.com
Feliza,.@yopmail.com
Karolina,.@yopmail.com
Hettie,.@yopmail.com
Magdalena,.@yopmail.com
Deloria,.@yopmail.com
Lenna,.@yopmail.com
Katuscha,.@yopmail.com
Maridel,.@yopmail.com
Laurene,.@yopmail.com
Averyl,.@yopmail.com
Raquela,.@yopmail.com
Josephine,.@yopmail.com
Raina,.@yopmail.com
Marsiella,.@yopmail.com
Tami,.@yopmail.com
Xylina,.@yopmail.com
Zondra,.@yopmail.com
Sibella,.@yopmail.com
Chickie,.@yopmail.com
Bill,.@yopmail.com
Leontine,.@yopmail.com
Rochette,.@yopmail.com
Leia,.@yopmail.com
Charlena,.@yopmail.com
Leanna,.@yopmail.com
Vonny,.@yopmail.com
Marsiella,.@yopmail.com
Fanny,.@yopmail.com
Daryl,.@yopmail.com
Angelique,.@yopmail.com
Romona,.@yopmail.com
Mady,.@yopmail.com
Raina,.@yopmail.com
Zaria,.@yopmail.com
Corly,.@yopmail.com
Adelle,.@yopmail.com
Charmaine,.@yopmail.com
Adele,.@yopmail.com
Tani,.@yopmail.com
Helena,.@yopmail.com
Nessie,.@yopmail.com
Konstance,.@yopmail.com
Nickie,.@yopmail.com
Elora,.@yopmail.com
Coral,.@yopmail.com
Aeriela,.@yopmail.com
Maurene,.@yopmail.com
Talya,.@yopmail.com
Candy,.@yopmail.com
Verla,.@yopmail.com
Corry,.@yopmail.com
Binny,.@yopmail.com
Jinny,.@yopmail.com
Merrie,.@yopmail.com
Marti,.@yopmail.com
Leontine,.@yopmail.com
Ardeen,.@yopmail.com
Rebeca,.@yopmail.com
Misha,.@yopmail.com
Marnia,.@yopmail.com
Joane,.@yopmail.com
Max,.@yopmail.com
Roz,.@yopmail.com
Claresta,.@yopmail.com
Georgetta,.@yopmail.com
Leona,.@yopmail.com
Tonia,.@yopmail.com
Selma,.@yopmail.com
Nadine,.@yopmail.com
Hollie,.@yopmail.com
Winifred,.@yopmail.com
Dulce,.@yopmail.com
Danny,.@yopmail.com
Rhea,.@yopmail.com
Brandise,.@yopmail.com
Dari,.@yopmail.com
Darlleen,.@yopmail.com
Harmonia,.@yopmail.com
Alameda,.@yopmail.com
Joane,.@yopmail.com
Marnia,.@yopmail.com
Benita,.@yopmail.com
Annora,.@yopmail.com
Hollie,.@yopmail.com
Christy,.@yopmail.com
Annora,.@yopmail.com
Fanchon,.@yopmail.com
Atlanta,.@yopmail.com
Hayley,.@yopmail.com
Dulce,.@yopmail.com
Nelle,.@yopmail.com
Miquela,.@yopmail.com
Eugine,.@yopmail.com
Quintina,.@yopmail.com
Kore,.@yopmail.com
Mildrid,.@yopmail.com
Jobi,.@yopmail.com
Linzy,.@yopmail.com
Lelah,.@yopmail.com
Korrie,.@yopmail.com
Fanchon,.@yopmail.com
Flory,.@yopmail.com
Sonni,.@yopmail.com
Celestyna,.@yopmail.com
Margarette,.@yopmail.com
Albertina,.@yopmail.com
Viviene,.@yopmail.com
Lauryn,.@yopmail.com
Kalina,.@yopmail.com
Rozele,.@yopmail.com
Sandie,.@yopmail.com
Beverley,.@yopmail.com
Anthia,.@yopmail.com
Consuela,.@yopmail.com
Tiffie,.@yopmail.com
Marsiella,.@yopmail.com
Georgetta,.@yopmail.com
Nollie,.@yopmail.com
Alia,.@yopmail.com
Kittie,.@yopmail.com
Elmira,.@yopmail.com
Feliza,.@yopmail.com
Lyssa,.@yopmail.com
Danny,.@yopmail.com
Lisette,.@yopmail.com
Trudie,.@yopmail.com
Agathe,.@yopmail.com
Brena,.@yopmail.com
Flo,.@yopmail.com
Ulrike,.@yopmail.com
Kirbee,.@yopmail.com
Vinita,.@yopmail.com
Damaris,.@yopmail.com
Tilly,.@yopmail.com
Jere,.@yopmail.com
Roz,.@yopmail.com
Bernardine,.@yopmail.com
Marcelline,.@yopmail.com
Kenna,.@yopmail.com
Lisette,.@yopmail.com
Lita,.@yopmail.com
Dede,.@yopmail.com
Juliane,.@yopmail.com
Briney,.@yopmail.com
Imojean,.@yopmail.com
Esmeralda,.@yopmail.com
Kial,.@yopmail.com
Teddie,.@yopmail.com
Agathe,.@yopmail.com
Allis,.@yopmail.com
Odessa,.@yopmail.com
Rori,.@yopmail.com
Sarette,.@yopmail.com
Orsola,.@yopmail.com
Etta,.@yopmail.com
Christal,.@yopmail.com
Rubie,.@yopmail.com
Steffane,.@yopmail.com
Sonni,.@yopmail.com
Florencia,.@yopmail.com
Belinda,.@yopmail.com
Catharine,.@yopmail.com
Trudie,.@yopmail.com
Ivett,.@yopmail.com
Clarice,.@yopmail.com
Dale,.@yopmail.com
Ilse,.@yopmail.com
Jany,.@yopmail.com
Giustina,.@yopmail.com
Katharina,.@yopmail.com
Briney,.@yopmail.com
Valeda,.@yopmail.com
Angelique,.@yopmail.com
Anica,.@yopmail.com
Sonni,.@yopmail.com
Joeann,.@yopmail.com
Nerta,.@yopmail.com
Bertine,.@yopmail.com
Cristabel,.@yopmail.com
Lyssa,.@yopmail.com
Teriann,.@yopmail.com
Berta,.@yopmail.com
Moyna,.@yopmail.com
Lanna,.@yopmail.com
Harrietta,.@yopmail.com
Harmonia,.@yopmail.com
Gertrud,.@yopmail.com
Grier,.@yopmail.com
Genovera,.@yopmail.com
Estell,.@yopmail.com
Jan,.@yopmail.com
Aili,.@yopmail.com
Cordi,.@yopmail.com
Hildegaard,.@yopmail.com
Dawn,.@yopmail.com
Kristina,.@yopmail.com
Fayre,.@yopmail.com
Cyb,.@yopmail.com
Margalo,.@yopmail.com
Myrtice,.@yopmail.com
Aili,.@yopmail.com
Edith,.@yopmail.com
Violet,.@yopmail.com
Delilah,.@yopmail.com
Anica,.@yopmail.com
Alexine,.@yopmail.com
Ivett,.@yopmail.com
Brena,.@yopmail.com
Randa,.@yopmail.com
Anthia,.@yopmail.com
Phedra,.@yopmail.com
Mariann,.@yopmail.com
Oona,.@yopmail.com
Clary,.@yopmail.com
Sindee,.@yopmail.com
Viviene,.@yopmail.com
Allyce,.@yopmail.com
Gwenneth,.@yopmail.com
Ursulina,.@yopmail.com
Candi,.@yopmail.com
Mildrid,.@yopmail.com
Brena,.@yopmail.com
Orelia,.@yopmail.com
Correy,.@yopmail.com
Cherilyn,.@yopmail.com
Frances,.@yopmail.com
Catharine,.@yopmail.com
Gilda,.@yopmail.com
Joleen,.@yopmail.com
Coral,.@yopmail.com
Annecorinne,.@yopmail.com
Antonietta,.@yopmail.com
Millie,.@yopmail.com
Carree,.@yopmail.com
Phylis,.@yopmail.com
Carol-Jean,.@yopmail.com
Margarette,.@yopmail.com
Kenna,.@yopmail.com
Joy,.@yopmail.com
Linzy,.@yopmail.com
Molli,.@yopmail.com
Latisha,.@yopmail.com
Cacilie,.@yopmail.com
Wileen,.@yopmail.com
Lexine,.@yopmail.com
Aurore,.@yopmail.com
Desirae,.@yopmail.com
Marline,.@yopmail.com
Rosabelle,.@yopmail.com
Keelia,.@yopmail.com
Nicoli,.@yopmail.com
Viki,.@yopmail.com
Marnia,.@yopmail.com
Ethel,.@yopmail.com
Viki,.@yopmail.com
Ardenia,.@yopmail.com
Emilia,.@yopmail.com
Molli,.@yopmail.com
Daryl,.@yopmail.com
Brooks,.@yopmail.com
Fayre,.@yopmail.com
Cristabel,.@yopmail.com